id;title;content;alarm_date;status;owner_id
1;if stable quizzically;../fake-data/blob/hipster.txt;2026-02-16T08:12:19;DELETED;1
2;until concerning;../fake-data/blob/hipster.txt;2026-02-16T01:41:09;ARCHIVED;2
3;anenst dreamily;../fake-data/blob/hipster.txt;2026-02-16T06:22:51;PINNED;2
4;valiantly than bah;../fake-data/blob/hipster.txt;2026-02-16T11:13:55;DELETED;1
5;that;../fake-data/blob/hipster.txt;2026-02-16T04:26:45;NORMAL;2
6;ah;../fake-data/blob/hipster.txt;2026-02-16T12:34:58;PINNED;1
7;fairly gadzooks usable;../fake-data/blob/hipster.txt;2026-02-15T17:10:58;DELETED;1
8;psst forenenst;../fake-data/blob/hipster.txt;2026-02-16T12:37:54;PINNED;2
9;towards until;../fake-data/blob/hipster.txt;2026-02-16T13:21:36;NORMAL;2
10;gulp earnest mid;../fake-data/blob/hipster.txt;2026-02-16T14:09:09;NORMAL;2
